Name,Country,Occupation,Age,Salary
David Lee,USA,Teacher,40,129743
George Smith,UAE,Accountant,35,130431
Olga Petrova,Canada,Teacher,42,92406
Ravi Verma,Canada,Software Engineer,57,119317
Kumar Raj,Italy,Consultant,46,76589
John Doe,India,Designer,27,124281
Isabella Costa,UAE,Consultant,22,85419
Bhavesh Patel,Spain,Teacher,23,47048
Elena Rossi,UAE,Software Engineer,54,126166
Sara Kim,Spain,Lawyer,35,138139
Alice Johnson,Italy,Teacher,32,76241
George Smith,Italy,Designer,45,46094
George Smith,Brazil,Data Scientist,45,55180
Bhavesh Patel,Brazil,Data Scientist,31,112504
George Smith,Spain,Teacher,34,116068
Maria Gonzalez,Italy,Consultant,49,107615
Olga Petrova,India,Accountant,32,51698
Olga Petrova,UAE,Accountant,22,62156
Maria Gonzalez,Italy,Software Engineer,22,130283
Ravi Verma,Brazil,Designer,32,60613
Priya Sharma,USA,Teacher,43,79975
Kumar Raj,Canada,Consultant,28,51120
Carla Gómez,India,Lawyer,22,30274
Liu Wei,Brazil,Teacher,25,78144
Carla Gómez,Spain,Data Scientist,22,85082
Carla Gómez,UK,Doctor,60,63482
Carla Gómez,Italy,Consultant,25,105640
John Doe,India,Designer,50,82333
Olga Petrova,Spain,Marketing Manager,42,120912
Carla Gómez,Italy,Software Engineer,31,60383
Carla Gómez,Brazil,Analyst,36,135655
Priya Sharma,Italy,Marketing Manager,55,33489
Liu Wei,Canada,Accountant,40,113526
Carla Gómez,UK,Data Scientist,45,48457
Nathan Brown,UAE,Analyst,57,122992
Alice Johnson,Spain,Software Engineer,32,107602
David Lee,Brazil,Software Engineer,41,54522
Nathan Brown,Spain,Designer,30,139251
Quentin Blake,Italy,Designer,56,124126
Ravi Verma,UAE,Doctor,53,109882
Priya Sharma,Canada,Teacher,28,113193
Carla Gómez,Brazil,Software Engineer,52,32649
Tom Müller,Canada,Doctor,38,129939
Liu Wei,UAE,Accountant,46,126396
Liu Wei,Canada,Teacher,29,78219
Liu Wei,Germany,Teacher,52,37878
Ravi Verma,UK,Designer,22,134056
David Lee,UAE,Designer,51,49082
Priya Sharma,Spain,Accountant,31,122818
Alice Johnson,Canada,Lawyer,26,32534
Isabella Costa,Brazil,Consultant,24,129573
Priya Sharma,Japan,Teacher,45,89831
Olga Petrova,UK,Accountant,33,90665
Fatima Khan,Spain,Consultant,45,89969
David Lee,Italy,Analyst,25,148065
Alice Johnson,India,Consultant,42,129428
Fatima Khan,USA,Data Scientist,24,76323
Priya Sharma,Germany,Teacher,54,88558
Priya Sharma,USA,Lawyer,36,40032
Priya Sharma,Italy,Doctor,42,60308
Fatima Khan,USA,Software Engineer,55,30995
Isabella Costa,India,Accountant,27,86734
Maria Gonzalez,USA,Marketing Manager,54,107823
Sara Kim,Brazil,Lawyer,27,142206
Bhavesh Patel,Spain,Lawyer,60,102670
Nathan Brown,Germany,Marketing Manager,24,46484
Tom Müller,USA,Marketing Manager,34,123210
Tom Müller,USA,Doctor,42,119334
Alice Johnson,Canada,Lawyer,47,131368
John Doe,India,Accountant,52,116342
Sara Kim,UAE,Consultant,46,66403
Hiro Tanaka,Japan,Teacher,49,52709
Hiro Tanaka,UAE,Marketing Manager,30,100279
Olga Petrova,Spain,Doctor,44,43621
Tom Müller,Spain,Designer,50,83869
Alice Johnson,Spain,Data Scientist,58,123589
Carla Gómez,Spain,Doctor,29,56730
Kumar Raj,Germany,Data Scientist,35,76414
Sara Kim,Germany,Analyst,43,94418
John Doe,UAE,Teacher,59,64261
Elena Rossi,UAE,Consultant,43,111887
David Lee,UAE,Analyst,46,138429
Carla Gómez,USA,Marketing Manager,26,129815
Priya Sharma,India,Software Engineer,34,146160
Olga Petrova,Spain,Data Scientist,23,110098
Tom Müller,UK,Doctor,35,77204
Priya Sharma,Brazil,Accountant,26,79632
Bhavesh Patel,Italy,Analyst,40,72316
David Lee,India,Analyst,48,148574
Kumar Raj,Canada,Software Engineer,58,117498
Nathan Brown,UAE,Marketing Manager,28,120090
Olga Petrova,Brazil,Accountant,59,65000
Tom Müller,Japan,Consultant,44,145351
Kumar Raj,UK,Accountant,47,57086
Quentin Blake,USA,Data Scientist,49,31721
Olga Petrova,Spain,Accountant,57,87752
Fatima Khan,Brazil,Lawyer,33,82543
Priya Sharma,Germany,Lawyer,59,54368
Elena Rossi,Japan,Marketing Manager,40,93105
Hiro Tanaka,UAE,Designer,48,73779
Quentin Blake,Japan,Consultant,36,92299
Tom Müller,India,Doctor,55,128053
Olga Petrova,UK,Consultant,24,43366
Quentin Blake,Spain,Analyst,60,136774
Kumar Raj,Spain,Lawyer,58,51193
John Doe,UK,Doctor,23,46662
Ravi Verma,Spain,Consultant,33,140664
Hiro Tanaka,Japan,Analyst,47,85904
Tom Müller,UAE,Marketing Manager,43,125890
George Smith,Germany,Software Engineer,46,81833
Fatima Khan,Canada,Accountant,37,93063
Kumar Raj,Germany,Designer,36,82129
Bhavesh Patel,USA,Teacher,34,63878
Tom Müller,UK,Lawyer,41,35038
John Doe,Spain,Analyst,28,36667
Carla Gómez,Japan,Marketing Manager,36,136226
Ravi Verma,Japan,Designer,57,113165
Maria Gonzalez,India,Doctor,49,146396
Tom Müller,Canada,Teacher,52,89597
Tom Müller,Japan,Data Scientist,60,43606
David Lee,Germany,Analyst,55,141039
Hiro Tanaka,UK,Designer,35,73853
Bhavesh Patel,Brazil,Analyst,45,146064
Olga Petrova,UK,Marketing Manager,32,77656
Sara Kim,UK,Teacher,38,108398
Ravi Verma,Brazil,Accountant,22,92496
Liu Wei,Italy,Consultant,55,110895
Quentin Blake,Germany,Lawyer,55,132012
Hiro Tanaka,USA,Consultant,45,129344
Elena Rossi,Germany,Accountant,43,85041
Tom Müller,USA,Consultant,52,38165
Fatima Khan,India,Consultant,37,38266
Olga Petrova,Spain,Designer,57,104334
Priya Sharma,Italy,Data Scientist,48,58094
Olga Petrova,Italy,Accountant,39,32377
David Lee,Italy,Doctor,60,118723
Priya Sharma,UAE,Designer,37,144712
Nathan Brown,Spain,Accountant,60,77358
Elena Rossi,UK,Designer,29,31185
Priya Sharma,Spain,Consultant,34,49630
Olga Petrova,UAE,Designer,41,47587
Ravi Verma,Brazil,Lawyer,22,102769
Quentin Blake,Spain,Analyst,34,149341
Isabella Costa,UAE,Designer,37,30043
Alice Johnson,Italy,Accountant,52,147817
Quentin Blake,Japan,Teacher,31,136096
Priya Sharma,Italy,Doctor,40,96134
Liu Wei,Canada,Teacher,45,147025
Carla Gómez,Brazil,Designer,41,73833
Fatima Khan,Germany,Doctor,25,138574
Kumar Raj,Brazil,Accountant,58,92474
Tom Müller,India,Data Scientist,48,105313
Ravi Verma,UK,Consultant,39,146192
John Doe,Brazil,Doctor,56,81137
Olga Petrova,Canada,Consultant,38,98840
Isabella Costa,Italy,Software Engineer,55,126716
Tom Müller,UK,Accountant,60,136495
Fatima Khan,Italy,Software Engineer,47,121842
David Lee,Germany,Teacher,34,37845
Isabella Costa,UAE,Data Scientist,23,60756
John Doe,Brazil,Consultant,25,54059
Sara Kim,Canada,Designer,43,38394
Kumar Raj,Japan,Doctor,34,117642
Quentin Blake,Japan,Consultant,30,126499
Priya Sharma,Germany,Doctor,60,123573
Alice Johnson,Japan,Marketing Manager,52,98438
Quentin Blake,Germany,Doctor,24,73905
Isabella Costa,Spain,Analyst,40,78705
Fatima Khan,Japan,Teacher,49,63026
John Doe,Japan,Lawyer,24,118866
Quentin Blake,Spain,Accountant,49,123900
Sara Kim,Brazil,Analyst,47,64768
David Lee,Germany,Analyst,58,118396
Tom Müller,USA,Marketing Manager,57,100138
Liu Wei,Spain,Data Scientist,44,74491
John Doe,Japan,Marketing Manager,25,136446
Priya Sharma,Spain,Accountant,45,68257
Bhavesh Patel,Spain,Doctor,26,59820
Olga Petrova,Italy,Data Scientist,58,102322
David Lee,Brazil,Data Scientist,50,133908
David Lee,Brazil,Data Scientist,51,47218
Hiro Tanaka,Japan,Designer,28,138867
David Lee,Brazil,Accountant,41,118173
Hiro Tanaka,India,Lawyer,29,72952
Fatima Khan,Japan,Consultant,47,55759
Hiro Tanaka,Japan,Data Scientist,31,41820
Kumar Raj,USA,Doctor,24,131823
Alice Johnson,USA,Analyst,49,88301
John Doe,UK,Designer,47,111189
Isabella Costa,UAE,Analyst,40,131501
Tom Müller,Brazil,Analyst,48,88392
Tom Müller,Japan,Teacher,60,137802
Fatima Khan,Italy,Doctor,50,139723
Liu Wei,UAE,Teacher,59,147478
Hiro Tanaka,Italy,Consultant,52,48567
John Doe,Italy,Accountant,44,101425
Fatima Khan,UAE,Analyst,28,144940
Sara Kim,UAE,Data Scientist,34,87584
Priya Sharma,UAE,Analyst,24,140123
David Lee,UK,Data Scientist,43,128831
Alice Johnson,UAE,Software Engineer,56,32149
Quentin Blake,Canada,Consultant,43,146281
Olga Petrova,Brazil,Doctor,38,127731
Olga Petrova,Brazil,Doctor,42,78575
Fatima Khan,Japan,Consultant,47,54053
John Doe,Spain,Designer,48,54281
Nathan Brown,UK,Marketing Manager,50,72763
Quentin Blake,Brazil,Consultant,35,78938
Hiro Tanaka,Brazil,Data Scientist,32,120415
Maria Gonzalez,India,Analyst,22,144327
George Smith,Italy,Consultant,34,116429
Olga Petrova,India,Doctor,26,100029
Nathan Brown,Spain,Data Scientist,50,115678
Fatima Khan,Italy,Doctor,50,133928
Nathan Brown,UAE,Analyst,37,69141
Elena Rossi,Germany,Software Engineer,23,87840
Priya Sharma,Brazil,Lawyer,53,71752
Tom Müller,Germany,Consultant,37,65436
Nathan Brown,USA,Analyst,54,67142
Kumar Raj,Germany,Teacher,35,70626
David Lee,Japan,Marketing Manager,44,142906
Kumar Raj,Spain,Accountant,27,120829
Alice Johnson,India,Doctor,37,140717
Quentin Blake,USA,Designer,46,133013
Priya Sharma,Japan,Marketing Manager,56,132643
Liu Wei,Canada,Consultant,29,94869
Olga Petrova,Germany,Accountant,44,124916
Elena Rossi,Italy,Consultant,56,135081
David Lee,India,Teacher,41,120567
Kumar Raj,Germany,Accountant,55,123978
Maria Gonzalez,Canada,Analyst,32,52442
Fatima Khan,Spain,Analyst,29,54258
Bhavesh Patel,Japan,Lawyer,34,38472
Nathan Brown,Germany,Accountant,44,149246
Priya Sharma,Canada,Analyst,35,80272
Isabella Costa,Brazil,Doctor,59,45671
Elena Rossi,Germany,Consultant,24,51834
Quentin Blake,Italy,Lawyer,24,93906
John Doe,Germany,Designer,55,138834
David Lee,USA,Teacher,26,87244
Olga Petrova,UAE,Analyst,27,121273
John Doe,Italy,Consultant,44,36473
Tom Müller,USA,Data Scientist,36,68192
Alice Johnson,Japan,Doctor,37,47596
Bhavesh Patel,India,Doctor,56,143239
Priya Sharma,India,Marketing Manager,43,66571
Ravi Verma,Italy,Lawyer,27,133439
Fatima Khan,UK,Teacher,47,33436
Nathan Brown,UK,Doctor,24,138974
Fatima Khan,Canada,Marketing Manager,24,138076
Liu Wei,Spain,Doctor,40,62455
Liu Wei,Canada,Software Engineer,59,63871
Carla Gómez,UAE,Software Engineer,60,123646
John Doe,Brazil,Marketing Manager,55,31005
Alice Johnson,Japan,Designer,47,131182
Bhavesh Patel,USA,Consultant,31,149271
Priya Sharma,Brazil,Consultant,44,132173
Nathan Brown,UAE,Data Scientist,56,43101
Maria Gonzalez,Italy,Designer,59,74477
Nathan Brown,India,Marketing Manager,49,140668
Quentin Blake,Italy,Consultant,41,100951
Ravi Verma,Brazil,Data Scientist,44,32253
Maria Gonzalez,Spain,Lawyer,56,100369
Liu Wei,USA,Data Scientist,22,52386
Fatima Khan,UK,Teacher,31,34731
Quentin Blake,Japan,Doctor,33,140774
George Smith,Germany,Analyst,60,83802
David Lee,Japan,Consultant,43,49822
Nathan Brown,Spain,Teacher,42,80241
Ravi Verma,Japan,Doctor,46,52923
Liu Wei,Japan,Consultant,52,120382
George Smith,Germany,Data Scientist,54,42704
Kumar Raj,UK,Consultant,27,100861
Olga Petrova,Japan,Designer,43,44625
John Doe,Brazil,Analyst,30,47559
Sara Kim,UAE,Designer,30,91833
Sara Kim,UAE,Accountant,28,137301
Ravi Verma,UK,Designer,51,137847
Isabella Costa,India,Consultant,54,35102
Hiro Tanaka,Canada,Marketing Manager,35,61055
Hiro Tanaka,UK,Designer,36,120426
Ravi Verma,Spain,Software Engineer,41,80702
David Lee,Japan,Doctor,56,99633
Tom Müller,UK,Marketing Manager,22,69843
Tom Müller,Canada,Analyst,55,70818
Maria Gonzalez,Germany,Marketing Manager,43,33901
Tom Müller,India,Lawyer,41,125720
George Smith,USA,Marketing Manager,47,137916
Isabella Costa,Spain,Software Engineer,55,115231
John Doe,Japan,Lawyer,37,69913
Fatima Khan,UAE,Consultant,36,119558
George Smith,Canada,Doctor,43,145319
Sara Kim,Germany,Consultant,59,102626
Liu Wei,Spain,Consultant,25,65244
Quentin Blake,India,Designer,35,134572
Hiro Tanaka,Italy,Accountant,55,120099
Quentin Blake,Japan,Lawyer,60,78306
Olga Petrova,India,Accountant,44,74458
Quentin Blake,USA,Software Engineer,36,41809
Quentin Blake,Italy,Data Scientist,58,139903
John Doe,USA,Software Engineer,50,114335
George Smith,UAE,Doctor,26,73438
Liu Wei,Italy,Lawyer,48,49378
Sara Kim,Italy,Software Engineer,32,106339
Ravi Verma,Spain,Consultant,36,44007
Liu Wei,UAE,Doctor,36,103677
Ravi Verma,UK,Marketing Manager,58,121599
Liu Wei,Spain,Doctor,53,64728
John Doe,Canada,Consultant,49,116010
Bhavesh Patel,Italy,Accountant,56,58098
Quentin Blake,Canada,Software Engineer,59,106469
Sara Kim,Italy,Doctor,35,50289
Sara Kim,India,Marketing Manager,51,139467
Tom Müller,Canada,Consultant,52,91876
Isabella Costa,Canada,Designer,27,99959
Ravi Verma,UAE,Designer,51,53707
David Lee,Brazil,Teacher,24,115082
Liu Wei,Spain,Software Engineer,30,64444
David Lee,Germany,Designer,49,63760
Elena Rossi,USA,Lawyer,24,147136
Elena Rossi,Germany,Marketing Manager,59,108900
Sara Kim,Italy,Marketing Manager,48,101345
Nathan Brown,USA,Analyst,42,102160
Priya Sharma,Italy,Software Engineer,54,73465
Liu Wei,Japan,Software Engineer,35,94836
Tom Müller,Brazil,Software Engineer,40,114216
Alice Johnson,Canada,Marketing Manager,25,146861
David Lee,Spain,Teacher,29,70906
Carla Gómez,USA,Teacher,58,135687
George Smith,USA,Software Engineer,55,33264
David Lee,Germany,Consultant,29,126240
Ravi Verma,Spain,Lawyer,47,80201
Kumar Raj,Brazil,Software Engineer,45,101917
Nathan Brown,Spain,Marketing Manager,43,100488
Hiro Tanaka,India,Consultant,50,114158
Tom Müller,Brazil,Analyst,56,70404
Isabella Costa,Italy,Accountant,49,42840
Liu Wei,Spain,Software Engineer,54,81807
Olga Petrova,Japan,Lawyer,53,66307
Liu Wei,Canada,Marketing Manager,29,36367
Priya Sharma,Spain,Analyst,50,110004
John Doe,UAE,Teacher,36,79482
Alice Johnson,Japan,Consultant,24,130112
Alice Johnson,Spain,Teacher,32,64430
Kumar Raj,Japan,Teacher,45,115647
Nathan Brown,Spain,Analyst,55,30488
Carla Gómez,Brazil,Consultant,35,148291
Hiro Tanaka,UK,Doctor,33,121903
Isabella Costa,Spain,Accountant,44,67408
Alice Johnson,Brazil,Accountant,53,61831
Bhavesh Patel,India,Consultant,42,67182
John Doe,Italy,Marketing Manager,41,68097
Priya Sharma,UK,Analyst,33,95156
Elena Rossi,Brazil,Analyst,32,99758
Olga Petrova,Japan,Lawyer,30,108305
Liu Wei,Brazil,Designer,35,94530
Sara Kim,India,Accountant,43,89214
John Doe,Brazil,Accountant,44,132366
Hiro Tanaka,USA,Analyst,37,116761
Liu Wei,USA,Software Engineer,36,120146
Isabella Costa,Canada,Marketing Manager,57,135086
Isabella Costa,Germany,Lawyer,43,120796
John Doe,Canada,Consultant,22,136434
Fatima Khan,UAE,Lawyer,55,72929
Priya Sharma,Brazil,Analyst,33,140508
Isabella Costa,Germany,Analyst,28,39806
John Doe,USA,Marketing Manager,40,104943
Carla Gómez,Brazil,Data Scientist,44,30702
Maria Gonzalez,UK,Software Engineer,56,148840
Liu Wei,Italy,Doctor,53,98305
John Doe,Canada,Marketing Manager,32,109338
Sara Kim,USA,Designer,36,139657
Isabella Costa,Brazil,Consultant,59,147897
John Doe,UK,Doctor,41,34406
Sara Kim,UK,Software Engineer,58,71026
Quentin Blake,Brazil,Analyst,22,62794
Alice Johnson,Spain,Accountant,56,118976
Bhavesh Patel,Canada,Software Engineer,39,47972
Fatima Khan,Japan,Teacher,33,112644
Olga Petrova,Germany,Accountant,30,145278
John Doe,USA,Marketing Manager,49,61528
Fatima Khan,Brazil,Lawyer,33,109427
Fatima Khan,UK,Doctor,25,130495
Maria Gonzalez,Germany,Analyst,45,107836
Ravi Verma,USA,Designer,32,69037
Elena Rossi,UAE,Doctor,56,52070
Fatima Khan,UAE,Analyst,60,55752
John Doe,Brazil,Doctor,38,67159
Olga Petrova,UK,Analyst,49,38472
Ravi Verma,UAE,Teacher,46,130181
Sara Kim,Japan,Software Engineer,38,39280
Hiro Tanaka,Canada,Designer,31,71521
John Doe,Brazil,Teacher,42,62012
Priya Sharma,Canada,Lawyer,37,140117
Nathan Brown,UK,Marketing Manager,39,91106
Liu Wei,Japan,Designer,28,51603
Maria Gonzalez,Brazil,Consultant,38,106771
George Smith,Germany,Accountant,54,140248
Alice Johnson,USA,Lawyer,42,133127
Quentin Blake,USA,Analyst,36,40244
David Lee,Spain,Software Engineer,46,62594
Isabella Costa,Spain,Consultant,58,83802
David Lee,Brazil,Data Scientist,41,52180
George Smith,Brazil,Data Scientist,55,51320
Olga Petrova,Germany,Consultant,22,141924
Fatima Khan,Japan,Designer,45,45685
John Doe,USA,Doctor,48,100392
Hiro Tanaka,Italy,Designer,41,110697
Quentin Blake,Japan,Doctor,32,37837
Elena Rossi,USA,Marketing Manager,37,77817
Quentin Blake,Japan,Software Engineer,29,69730
Ravi Verma,Canada,Analyst,50,143499
Priya Sharma,Italy,Teacher,30,128804
Hiro Tanaka,Brazil,Analyst,53,85099
Elena Rossi,Canada,Analyst,41,142770
John Doe,Germany,Teacher,40,46308
Sara Kim,Brazil,Consultant,50,92614
David Lee,Japan,Accountant,46,94936
Hiro Tanaka,Canada,Designer,40,40443
Maria Gonzalez,UAE,Teacher,54,55310
David Lee,Germany,Lawyer,29,125602
Nathan Brown,UK,Marketing Manager,54,64369
Kumar Raj,Canada,Lawyer,41,140241
Maria Gonzalez,Canada,Consultant,57,38990
Liu Wei,Germany,Accountant,56,65070
Elena Rossi,Spain,Designer,40,48141
Ravi Verma,Italy,Analyst,36,73883
Tom Müller,Canada,Consultant,42,93244
Hiro Tanaka,UK,Data Scientist,40,70083
Sara Kim,Spain,Data Scientist,57,56250
Alice Johnson,Brazil,Doctor,36,87666
Tom Müller,Spain,Consultant,59,62688
Liu Wei,Japan,Consultant,25,60056
Ravi Verma,UAE,Data Scientist,35,44165
John Doe,Spain,Marketing Manager,40,44414
David Lee,India,Consultant,43,38022
Priya Sharma,India,Consultant,51,80784
Ravi Verma,Germany,Doctor,33,63799
Hiro Tanaka,USA,Data Scientist,35,139544
Isabella Costa,Germany,Data Scientist,24,48198
Nathan Brown,India,Marketing Manager,27,87367
Alice Johnson,Canada,Consultant,22,74150
Bhavesh Patel,Germany,Data Scientist,37,136902
Nathan Brown,Italy,Lawyer,26,65755
Kumar Raj,Japan,Doctor,56,145435
Bhavesh Patel,UK,Lawyer,39,32247
Ravi Verma,UAE,Consultant,35,106081
Liu Wei,Canada,Teacher,57,78573
David Lee,Germany,Consultant,44,59266
Fatima Khan,Germany,Doctor,46,63596
Quentin Blake,Germany,Lawyer,28,79066
Bhavesh Patel,India,Accountant,47,35688
Fatima Khan,Italy,Consultant,44,70529
Alice Johnson,Japan,Teacher,27,137047
Elena Rossi,Italy,Software Engineer,39,113164
George Smith,Germany,Data Scientist,54,79943
Olga Petrova,India,Software Engineer,30,80950
Olga Petrova,UK,Marketing Manager,31,50242
Priya Sharma,Italy,Designer,57,106608
Alice Johnson,UAE,Teacher,53,91764
Liu Wei,UAE,Designer,39,67758
Ravi Verma,UK,Designer,36,130473
Carla Gómez,Japan,Lawyer,23,120172
Bhavesh Patel,UK,Marketing Manager,41,56482
John Doe,Spain,Doctor,24,77049
Hiro Tanaka,Italy,Accountant,58,133699
Hiro Tanaka,Canada,Software Engineer,43,76601
George Smith,UK,Doctor,46,111594
Fatima Khan,USA,Lawyer,53,43466
Liu Wei,Japan,Software Engineer,40,50799
John Doe,Canada,Teacher,26,62360
John Doe,Germany,Accountant,34,112084
Quentin Blake,Brazil,Accountant,47,124118
Elena Rossi,Spain,Doctor,49,33773
Sara Kim,India,Consultant,48,122904
Hiro Tanaka,USA,Lawyer,47,101682
Fatima Khan,Canada,Analyst,57,148166
Liu Wei,Spain,Analyst,52,88487
Nathan Brown,Japan,Teacher,42,67524
Quentin Blake,UK,Analyst,56,91485
Alice Johnson,India,Consultant,50,61765
Priya Sharma,UAE,Accountant,28,99261
Fatima Khan,Brazil,Consultant,42,141478
Sara Kim,Canada,Marketing Manager,58,106487
Carla Gómez,Canada,Data Scientist,56,44646
Bhavesh Patel,Brazil,Teacher,38,82024
Maria Gonzalez,Spain,Consultant,28,108124
Olga Petrova,Brazil,Analyst,41,119347
George Smith,UK,Doctor,53,118325
Bhavesh Patel,Canada,Accountant,42,69735
Sara Kim,Brazil,Consultant,58,73619
Maria Gonzalez,Brazil,Data Scientist,36,108601
Carla Gómez,Germany,Designer,36,109533
Sara Kim,Spain,Designer,27,97202
John Doe,UK,Doctor,49,47252
Kumar Raj,UAE,Teacher,26,102918
Isabella Costa,UAE,Marketing Manager,36,41254
Ravi Verma,Spain,Lawyer,51,113749
Maria Gonzalez,UAE,Software Engineer,59,123019
Kumar Raj,India,Data Scientist,41,78399
Isabella Costa,Japan,Analyst,37,99160
George Smith,Spain,Consultant,28,132551
Carla Gómez,UK,Accountant,51,53342
Kumar Raj,Brazil,Consultant,32,105451
Fatima Khan,Japan,Analyst,31,64021
George Smith,Canada,Software Engineer,60,115336
Kumar Raj,UAE,Doctor,54,52127
Ravi Verma,India,Designer,34,130193
George Smith,Spain,Accountant,29,136417
Isabella Costa,Germany,Marketing Manager,60,98699
Bhavesh Patel,Italy,Doctor,29,123306
Sara Kim,Spain,Analyst,44,121186
Liu Wei,USA,Teacher,45,109600
Sara Kim,USA,Doctor,39,47909
Elena Rossi,India,Doctor,55,46803
Maria Gonzalez,UK,Consultant,25,67219
Alice Johnson,USA,Teacher,22,115783
David Lee,India,Marketing Manager,29,85611
Tom Müller,UK,Marketing Manager,28,111739
Carla Gómez,Spain,Lawyer,38,130803
Maria Gonzalez,Canada,Doctor,41,73363
John Doe,Japan,Consultant,40,92096
Olga Petrova,UK,Accountant,52,57378
Isabella Costa,Canada,Designer,56,126396
Ravi Verma,Germany,Lawyer,46,144011
Nathan Brown,UK,Marketing Manager,51,35055
Isabella Costa,Italy,Analyst,22,36480
Elena Rossi,Brazil,Doctor,51,139349
Bhavesh Patel,Canada,Accountant,58,30193
George Smith,USA,Doctor,44,121084
Priya Sharma,Germany,Consultant,24,84920
Fatima Khan,Italy,Analyst,32,140681
Sara Kim,Brazil,Lawyer,26,46659
Isabella Costa,Japan,Accountant,48,83104
Liu Wei,Germany,Software Engineer,39,89503
Sara Kim,Canada,Teacher,23,45748
Nathan Brown,Italy,Teacher,37,116809
Ravi Verma,USA,Consultant,57,56770
Bhavesh Patel,Canada,Accountant,52,90881
David Lee,USA,Data Scientist,24,147506
Maria Gonzalez,UAE,Lawyer,38,130465
Priya Sharma,Canada,Marketing Manager,47,139613
Tom Müller,UK,Data Scientist,39,101378
Fatima Khan,Italy,Analyst,35,134064
Olga Petrova,Canada,Software Engineer,36,35791
Isabella Costa,UK,Consultant,22,67199
Tom Müller,Japan,Lawyer,36,57103
Carla Gómez,India,Lawyer,60,52299
Olga Petrova,Germany,Consultant,26,144649
George Smith,Spain,Data Scientist,44,125584
Kumar Raj,Brazil,Doctor,32,119700
George Smith,UAE,Designer,41,86762
Liu Wei,Japan,Designer,58,95059
Sara Kim,Canada,Doctor,53,42776
Kumar Raj,Brazil,Designer,40,47212
Tom Müller,Brazil,Consultant,39,118546
Maria Gonzalez,Germany,Software Engineer,59,67000
Priya Sharma,Brazil,Analyst,54,126476
Nathan Brown,Germany,Data Scientist,56,149175
Elena Rossi,Brazil,Marketing Manager,39,107761
Nathan Brown,USA,Marketing Manager,55,53325
Priya Sharma,UAE,Designer,53,112636
Fatima Khan,Italy,Accountant,26,141524
Priya Sharma,UAE,Lawyer,37,89060
Maria Gonzalez,USA,Teacher,28,131187
John Doe,Japan,Marketing Manager,35,82330
Carla Gómez,Canada,Marketing Manager,37,126427
Olga Petrova,Italy,Consultant,55,78874
Fatima Khan,UK,Data Scientist,53,49767
John Doe,Spain,Data Scientist,51,82880
Priya Sharma,Spain,Data Scientist,57,99682
Fatima Khan,Brazil,Teacher,54,92298
Nathan Brown,Italy,Analyst,32,115152
Sara Kim,Italy,Accountant,28,94572
Alice Johnson,Spain,Marketing Manager,54,138818
John Doe,India,Lawyer,51,132239
Quentin Blake,Brazil,Designer,28,144203
Maria Gonzalez,Japan,Accountant,53,91293
Fatima Khan,USA,Consultant,36,37823
Fatima Khan,UAE,Lawyer,29,145822
Maria Gonzalez,Germany,Lawyer,29,78868
Fatima Khan,Brazil,Lawyer,55,37415
Tom Müller,UAE,Doctor,31,116787
Alice Johnson,Canada,Designer,23,129282
Elena Rossi,UK,Designer,38,143664
Ravi Verma,Canada,Lawyer,50,56977
Quentin Blake,Italy,Marketing Manager,60,47636
John Doe,Italy,Teacher,39,147028
John Doe,Brazil,Consultant,23,112329
Hiro Tanaka,UAE,Designer,31,118925
Priya Sharma,USA,Accountant,45,43276
Tom Müller,Spain,Doctor,24,44141
Quentin Blake,UAE,Accountant,60,42336
Alice Johnson,Brazil,Teacher,48,34189
Ravi Verma,UAE,Analyst,57,33086
Ravi Verma,Spain,Consultant,55,73627
Liu Wei,Germany,Data Scientist,27,109493
Ravi Verma,Japan,Accountant,34,67404
Sara Kim,Brazil,Software Engineer,33,89887
John Doe,Germany,Marketing Manager,51,40649
Nathan Brown,UAE,Software Engineer,46,34243
Maria Gonzalez,Germany,Software Engineer,44,60492
Kumar Raj,Japan,Doctor,33,119813
Liu Wei,Italy,Marketing Manager,36,119671
Maria Gonzalez,UAE,Accountant,31,57213
Olga Petrova,India,Designer,56,112563
Nathan Brown,Spain,Consultant,52,42229
Sara Kim,USA,Marketing Manager,49,57627
Bhavesh Patel,UK,Lawyer,48,127725
Isabella Costa,UAE,Teacher,33,35328
Elena Rossi,Italy,Doctor,33,100790
Ravi Verma,UAE,Teacher,56,56562
David Lee,UK,Lawyer,41,86110
Elena Rossi,Japan,Marketing Manager,47,78130
Maria Gonzalez,USA,Accountant,60,87575
Ravi Verma,UK,Marketing Manager,32,134650
David Lee,Brazil,Marketing Manager,58,142184
Alice Johnson,UAE,Accountant,51,44389
Elena Rossi,India,Consultant,53,142084
Priya Sharma,UAE,Accountant,40,77212
Elena Rossi,Japan,Data Scientist,50,100854
Nathan Brown,Spain,Marketing Manager,31,73722
Kumar Raj,Canada,Lawyer,46,110443
Alice Johnson,Italy,Marketing Manager,42,48203
David Lee,Spain,Analyst,49,107500
George Smith,Spain,Software Engineer,48,118639
John Doe,Spain,Analyst,46,83497
Fatima Khan,India,Consultant,27,52783
Quentin Blake,Germany,Consultant,29,32644
Liu Wei,Italy,Analyst,50,32210
Ravi Verma,Germany,Consultant,46,94664
Tom Müller,UK,Consultant,25,125284
Olga Petrova,Spain,Doctor,23,84880
Tom Müller,Spain,Accountant,50,107819
Sara Kim,Brazil,Consultant,36,107719
Elena Rossi,Brazil,Software Engineer,23,69893
Elena Rossi,India,Marketing Manager,38,135146
Carla Gómez,USA,Data Scientist,45,88348
George Smith,Japan,Analyst,25,43797
Liu Wei,USA,Designer,44,37445
Bhavesh Patel,Canada,Designer,58,110707
Fatima Khan,Brazil,Lawyer,34,120571
Maria Gonzalez,UAE,Software Engineer,43,104256
Quentin Blake,Japan,Consultant,58,112706
Hiro Tanaka,UAE,Consultant,50,34146
Fatima Khan,Germany,Analyst,48,132749
Priya Sharma,India,Designer,25,77577
Alice Johnson,Spain,Teacher,30,81582
Quentin Blake,Spain,Accountant,51,77822
Olga Petrova,Canada,Consultant,53,41568
David Lee,UAE,Accountant,44,89947
Fatima Khan,UK,Accountant,58,53669
David Lee,Japan,Marketing Manager,43,145271
Carla Gómez,Germany,Analyst,33,71195
Bhavesh Patel,UAE,Analyst,44,40871
Carla Gómez,UK,Marketing Manager,47,121191
Nathan Brown,Brazil,Data Scientist,47,134042
Alice Johnson,Brazil,Analyst,48,47942
Olga Petrova,Canada,Accountant,28,130266
Priya Sharma,USA,Doctor,53,126236
Hiro Tanaka,Italy,Designer,59,126236
George Smith,UK,Analyst,28,122305
Liu Wei,USA,Doctor,58,80123
Quentin Blake,Brazil,Designer,33,48852
Hiro Tanaka,UK,Doctor,25,109026
George Smith,Spain,Lawyer,48,58816
Kumar Raj,Italy,Lawyer,44,66660
Kumar Raj,Canada,Doctor,26,146880
Ravi Verma,Spain,Accountant,39,50199
Fatima Khan,Canada,Marketing Manager,49,143994
Elena Rossi,Italy,Marketing Manager,28,126855
Elena Rossi,Japan,Designer,43,133037
Tom Müller,USA,Software Engineer,35,76352
Liu Wei,UK,Analyst,24,39963
Hiro Tanaka,USA,Doctor,22,140458
George Smith,Brazil,Software Engineer,43,113724
Priya Sharma,USA,Software Engineer,47,92459
David Lee,Germany,Accountant,49,148945
Olga Petrova,India,Designer,59,147187
Fatima Khan,Canada,Doctor,41,88735
Ravi Verma,Spain,Accountant,43,115282
Olga Petrova,UAE,Designer,44,39656
Elena Rossi,Germany,Designer,51,140344
Sara Kim,Canada,Doctor,56,88486
Ravi Verma,Japan,Doctor,58,39176
Nathan Brown,Italy,Lawyer,57,97558
Quentin Blake,Brazil,Designer,37,33442
Quentin Blake,Spain,Software Engineer,46,63628
Nathan Brown,UAE,Accountant,31,74453
Alice Johnson,Canada,Lawyer,49,147383
Liu Wei,Spain,Designer,29,30832
Maria Gonzalez,UAE,Data Scientist,36,78319
Ravi Verma,Italy,Marketing Manager,56,67062
Ravi Verma,India,Software Engineer,25,36808
Tom Müller,Brazil,Data Scientist,41,66633
Isabella Costa,Germany,Teacher,34,135117
Elena Rossi,Japan,Teacher,46,132562
Nathan Brown,Germany,Lawyer,51,103141
Fatima Khan,Canada,Teacher,23,93990
Olga Petrova,Italy,Consultant,56,67809
Liu Wei,India,Analyst,23,47113
Maria Gonzalez,Germany,Accountant,55,32154
Kumar Raj,UK,Teacher,49,48209
Elena Rossi,USA,Marketing Manager,53,42031
Fatima Khan,Germany,Teacher,57,143170
Olga Petrova,UK,Accountant,51,70971
John Doe,Germany,Consultant,26,35319
Quentin Blake,UAE,Analyst,51,45374
Tom Müller,Japan,Teacher,60,57196
Quentin Blake,Japan,Teacher,40,61202
Elena Rossi,Italy,Analyst,53,67390
Bhavesh Patel,Italy,Consultant,51,51775
Sara Kim,Spain,Lawyer,58,101501
Priya Sharma,Italy,Teacher,42,101446
Isabella Costa,Italy,Teacher,57,143810
Kumar Raj,Germany,Teacher,37,146429
Bhavesh Patel,Italy,Lawyer,27,63564
Kumar Raj,India,Software Engineer,24,126604
Hiro Tanaka,USA,Designer,47,31640
Alice Johnson,UK,Analyst,50,114246
Bhavesh Patel,Germany,Marketing Manager,50,100226
George Smith,UAE,Consultant,47,107048
David Lee,Germany,Doctor,27,49155
Fatima Khan,Italy,Software Engineer,45,139138
David Lee,Germany,Accountant,53,60153
Sara Kim,UK,Doctor,34,81426
Isabella Costa,UAE,Consultant,52,143551
Quentin Blake,Germany,Marketing Manager,57,70887
Olga Petrova,USA,Accountant,37,126381
Tom Müller,UK,Lawyer,58,88991
Nathan Brown,Spain,Doctor,24,120669
Isabella Costa,Japan,Accountant,48,100397
John Doe,Germany,Teacher,56,89969
George Smith,UK,Teacher,24,33978
Maria Gonzalez,Italy,Consultant,30,93792
Isabella Costa,Brazil,Data Scientist,54,119957
Hiro Tanaka,Canada,Analyst,27,128146
John Doe,Spain,Consultant,22,43989
Carla Gómez,USA,Lawyer,34,43354
Ravi Verma,Canada,Teacher,59,35120
Kumar Raj,Spain,Marketing Manager,48,129737
David Lee,USA,Lawyer,44,109300
Hiro Tanaka,India,Lawyer,49,56320
Hiro Tanaka,Canada,Software Engineer,57,34737
Fatima Khan,UK,Teacher,43,119871
Quentin Blake,USA,Designer,54,70837
Fatima Khan,UAE,Analyst,38,124911
Alice Johnson,Japan,Lawyer,54,91839
Ravi Verma,Japan,Lawyer,60,116779
Alice Johnson,Brazil,Consultant,51,125125
David Lee,Canada,Analyst,45,48407
Carla Gómez,UAE,Software Engineer,54,143526
Ravi Verma,Brazil,Lawyer,45,76138
Bhavesh Patel,Canada,Marketing Manager,52,77462
Isabella Costa,UK,Data Scientist,59,132835
George Smith,Japan,Accountant,47,97604
Sara Kim,Japan,Accountant,46,51575
Maria Gonzalez,Japan,Consultant,36,66501
Maria Gonzalez,India,Marketing Manager,52,76647
Hiro Tanaka,Spain,Consultant,36,109086
Liu Wei,India,Doctor,57,130312
David Lee,Brazil,Accountant,47,75944
Priya Sharma,Japan,Marketing Manager,29,130111
Bhavesh Patel,Brazil,Consultant,58,145220
Maria Gonzalez,USA,Analyst,35,78443
Maria Gonzalez,UAE,Marketing Manager,34,47098
Ravi Verma,USA,Accountant,52,96722
Carla Gómez,UK,Data Scientist,22,101224
Tom Müller,USA,Doctor,41,110768
Carla Gómez,UAE,Consultant,59,146888
Quentin Blake,UK,Lawyer,59,65699
Ravi Verma,Italy,Designer,39,91916
David Lee,UK,Accountant,46,77201
Olga Petrova,Germany,Consultant,58,40019
Quentin Blake,Japan,Teacher,55,72136
George Smith,Germany,Consultant,59,35364
David Lee,India,Consultant,52,108285
Fatima Khan,Canada,Designer,37,70147
Ravi Verma,Germany,Teacher,44,49654
Quentin Blake,UAE,Teacher,59,45740
Sara Kim,India,Marketing Manager,39,56604
George Smith,Brazil,Accountant,35,94886
Isabella Costa,USA,Lawyer,41,49734
Olga Petrova,USA,Marketing Manager,43,112834
George Smith,UK,Teacher,47,78739
Bhavesh Patel,Canada,Designer,38,121855
Kumar Raj,UAE,Doctor,45,132773
Priya Sharma,India,Software Engineer,22,119027
Maria Gonzalez,Brazil,Marketing Manager,48,147386
George Smith,USA,Accountant,49,60826
John Doe,Japan,Teacher,54,110329
David Lee,Italy,Lawyer,27,127129
Kumar Raj,UAE,Designer,33,35400
Elena Rossi,Canada,Data Scientist,52,95107
Quentin Blake,UAE,Consultant,30,83409
John Doe,Brazil,Doctor,52,72047
Liu Wei,Brazil,Doctor,50,64544
David Lee,Japan,Consultant,26,134027
Olga Petrova,Japan,Lawyer,55,130345
Kumar Raj,Japan,Lawyer,42,57497
David Lee,India,Teacher,32,135222
Tom Müller,Germany,Consultant,57,32700
John Doe,USA,Accountant,52,71910
Liu Wei,Brazil,Data Scientist,59,141014
Tom Müller,Japan,Analyst,50,49969
Hiro Tanaka,Brazil,Teacher,44,114286
Olga Petrova,India,Data Scientist,36,69037
Maria Gonzalez,UAE,Accountant,26,74824
Quentin Blake,UAE,Software Engineer,45,41626
Sara Kim,Germany,Marketing Manager,35,52093
Fatima Khan,Japan,Doctor,27,98169
Hiro Tanaka,Canada,Designer,33,49782
George Smith,Germany,Doctor,57,114391
Carla Gómez,UAE,Analyst,27,71335
Alice Johnson,Japan,Lawyer,23,140877
Kumar Raj,Brazil,Analyst,48,98043
Isabella Costa,India,Software Engineer,40,131339
John Doe,Italy,Analyst,48,93635
Olga Petrova,Germany,Data Scientist,28,92118
Hiro Tanaka,Italy,Analyst,60,61786
Maria Gonzalez,Japan,Doctor,58,103390
Quentin Blake,Brazil,Doctor,33,95954
Ravi Verma,Japan,Software Engineer,40,32333
John Doe,Canada,Analyst,52,83497
David Lee,UAE,Lawyer,26,36815
David Lee,UAE,Doctor,27,112091
Carla Gómez,Brazil,Teacher,28,36094
George Smith,Germany,Accountant,29,76141
Sara Kim,Japan,Data Scientist,23,33572
Alice Johnson,USA,Designer,25,90039
Tom Müller,UAE,Lawyer,30,35688
Quentin Blake,USA,Data Scientist,54,128390
Hiro Tanaka,Brazil,Doctor,39,148789
Priya Sharma,UAE,Marketing Manager,40,105005
Carla Gómez,UK,Doctor,58,55466
George Smith,UK,Lawyer,36,132265
Kumar Raj,UK,Analyst,55,124155
Bhavesh Patel,UK,Software Engineer,45,86135
Nathan Brown,Brazil,Doctor,52,113852
Sara Kim,UAE,Data Scientist,52,131972
Alice Johnson,India,Doctor,47,139550
Liu Wei,Canada,Data Scientist,41,117231
Hiro Tanaka,USA,Teacher,27,99424
Elena Rossi,Germany,Marketing Manager,53,56317
Kumar Raj,Japan,Designer,45,54644
Carla Gómez,UK,Software Engineer,36,131127
Olga Petrova,UAE,Teacher,33,39107
Elena Rossi,UK,Designer,30,45808
Ravi Verma,Spain,Lawyer,43,112511
Fatima Khan,Japan,Software Engineer,28,109951
Alice Johnson,Canada,Software Engineer,37,91216
Alice Johnson,UAE,Consultant,44,124082
Tom Müller,Canada,Teacher,28,89944
Hiro Tanaka,Germany,Designer,36,71326
Sara Kim,Brazil,Teacher,35,94010
Alice Johnson,Japan,Designer,49,88352
Fatima Khan,India,Designer,32,109613
John Doe,UAE,Teacher,49,55238
David Lee,USA,Designer,39,33305
Isabella Costa,Italy,Software Engineer,36,100389
Sara Kim,USA,Marketing Manager,28,42874
David Lee,Spain,Data Scientist,34,38895
David Lee,Brazil,Analyst,55,44972
Sara Kim,UAE,Lawyer,54,113963
Carla Gómez,Italy,Accountant,53,125925
Tom Müller,India,Doctor,35,132154
Elena Rossi,India,Software Engineer,40,110913
Nathan Brown,USA,Accountant,43,37967
Ravi Verma,India,Software Engineer,49,111108
Hiro Tanaka,UAE,Accountant,56,142754
George Smith,Germany,Analyst,44,31989
Ravi Verma,Canada,Doctor,60,143150
Elena Rossi,UAE,Data Scientist,42,91386
Bhavesh Patel,USA,Designer,38,36967
Alice Johnson,Italy,Data Scientist,60,112238
Elena Rossi,Brazil,Accountant,39,75004
Ravi Verma,Japan,Marketing Manager,44,89428
Maria Gonzalez,Germany,Teacher,45,141378
Ravi Verma,Brazil,Designer,49,52281
Kumar Raj,USA,Marketing Manager,36,127338
Sara Kim,UK,Teacher,43,125177
Kumar Raj,Italy,Designer,33,93555
Olga Petrova,USA,Teacher,34,105544
Elena Rossi,Spain,Analyst,60,136818
Isabella Costa,UAE,Doctor,35,74649
Isabella Costa,India,Accountant,53,125572
Elena Rossi,USA,Designer,54,142616
Bhavesh Patel,USA,Software Engineer,35,30024
John Doe,Spain,Accountant,44,31163
George Smith,Brazil,Marketing Manager,40,51800
Ravi Verma,Canada,Lawyer,37,127956
Quentin Blake,Italy,Designer,39,117141
Nathan Brown,Brazil,Marketing Manager,44,66503
Priya Sharma,Japan,Accountant,50,149756
Isabella Costa,India,Consultant,30,73435
Fatima Khan,UAE,Accountant,58,47975
Kumar Raj,UK,Lawyer,60,98242
Sara Kim,UAE,Marketing Manager,29,109133
George Smith,USA,Data Scientist,46,53379
Olga Petrova,Japan,Accountant,56,92369
Quentin Blake,USA,Accountant,30,125487
Tom Müller,Brazil,Designer,23,144384
Isabella Costa,UK,Teacher,22,109425
Kumar Raj,USA,Designer,26,77780
David Lee,UAE,Accountant,28,139291
Liu Wei,UAE,Accountant,42,55154
Elena Rossi,Germany,Accountant,31,141315
Bhavesh Patel,Canada,Accountant,52,83909
Liu Wei,Germany,Teacher,59,139452
Fatima Khan,Canada,Analyst,57,31712
Liu Wei,Canada,Marketing Manager,34,32755
Carla Gómez,USA,Designer,52,62051
Bhavesh Patel,India,Designer,33,31463
Elena Rossi,Japan,Accountant,27,138483
Nathan Brown,USA,Accountant,60,60397
Olga Petrova,Spain,Software Engineer,48,80757
Isabella Costa,Germany,Consultant,30,98201
Kumar Raj,Canada,Lawyer,46,59311
Alice Johnson,Spain,Consultant,42,144688
David Lee,Japan,Designer,49,110612
Olga Petrova,UAE,Analyst,58,128445
Quentin Blake,Japan,Teacher,28,113970
Kumar Raj,Germany,Designer,54,124948
David Lee,Canada,Data Scientist,53,113071
Hiro Tanaka,Brazil,Accountant,36,107092
Quentin Blake,USA,Marketing Manager,56,46970
Maria Gonzalez,India,Marketing Manager,25,86937
Ravi Verma,Canada,Teacher,54,83927
Ravi Verma,India,Teacher,60,144416
Carla Gómez,Spain,Marketing Manager,41,101538
David Lee,India,Lawyer,55,68139
Fatima Khan,UAE,Software Engineer,31,145876
Olga Petrova,Japan,Teacher,31,131513
Elena Rossi,Germany,Teacher,30,63870
Quentin Blake,India,Analyst,35,66801
Elena Rossi,Germany,Data Scientist,51,37743
Liu Wei,Japan,Marketing Manager,55,81599
Fatima Khan,Italy,Marketing Manager,22,103238
Sara Kim,Spain,Accountant,25,57000
Sara Kim,Brazil,Designer,24,67899
Alice Johnson,Italy,Marketing Manager,47,127888
Liu Wei,Spain,Data Scientist,24,95760
Kumar Raj,Canada,Marketing Manager,28,55192
George Smith,UK,Accountant,22,62242
Tom Müller,Italy,Data Scientist,42,50105
Quentin Blake,Spain,Teacher,28,40523
George Smith,India,Accountant,60,88317
Kumar Raj,India,Lawyer,60,99447
Alice Johnson,Italy,Lawyer,59,74976
Carla Gómez,India,Designer,38,64252
Nathan Brown,UAE,Doctor,55,96614
Alice Johnson,Japan,Software Engineer,47,92594
Fatima Khan,Canada,Designer,40,109533
Sara Kim,UAE,Lawyer,38,78361
John Doe,Brazil,Lawyer,38,50718
Isabella Costa,Brazil,Marketing Manager,50,31089
Fatima Khan,India,Teacher,47,125480
Kumar Raj,Brazil,Teacher,52,105861
Quentin Blake,Canada,Lawyer,27,31586
Carla Gómez,India,Software Engineer,53,122373
Maria Gonzalez,Japan,Teacher,28,49102
Carla Gómez,Japan,Consultant,53,54186
Quentin Blake,Italy,Analyst,25,137258
Maria Gonzalez,Brazil,Analyst,51,147372
David Lee,UK,Analyst,44,82170
Carla Gómez,Canada,Analyst,41,50966
David Lee,USA,Data Scientist,56,78588
Carla Gómez,UAE,Data Scientist,57,117043
David Lee,Japan,Doctor,45,93364
Quentin Blake,UK,Marketing Manager,34,36692
Olga Petrova,UK,Data Scientist,46,129772
Olga Petrova,Germany,Consultant,33,33259
George Smith,USA,Designer,50,123924
David Lee,Canada,Teacher,46,89572
Bhavesh Patel,Canada,Accountant,42,133175
David Lee,UAE,Software Engineer,51,53779
Maria Gonzalez,Canada,Accountant,58,127422
Elena Rossi,Spain,Marketing Manager,52,92098
George Smith,Brazil,Doctor,42,143444
Alice Johnson,Japan,Software Engineer,23,95719
Liu Wei,Germany,Software Engineer,29,72637
Carla Gómez,Japan,Marketing Manager,50,66343
Nathan Brown,Canada,Doctor,44,143661
Kumar Raj,UAE,Teacher,33,147433
Ravi Verma,Spain,Marketing Manager,23,92306
Priya Sharma,Spain,Data Scientist,55,148733
Liu Wei,India,Lawyer,47,69945
John Doe,USA,Doctor,57,75212
Ravi Verma,USA,Lawyer,59,53635
Tom Müller,Japan,Accountant,44,123334
Quentin Blake,Brazil,Doctor,35,101991
Hiro Tanaka,Japan,Lawyer,51,86924
Hiro Tanaka,Spain,Consultant,51,79368
Fatima Khan,UK,Marketing Manager,53,133988
John Doe,UAE,Software Engineer,33,136196
Maria Gonzalez,UAE,Marketing Manager,34,60259
Carla Gómez,Canada,Designer,41,85659
Priya Sharma,USA,Analyst,32,87743
Maria Gonzalez,India,Consultant,53,92195
Bhavesh Patel,UAE,Accountant,53,101840
